Date,Open,High,Low,Close,Volume
2021-03-08,1.65,1.79,1.65,1.73,191865
2021-03-09,1.72,1.9461,1.68,1.93,449496
2021-03-10,2.03,2.15,1.95,2.01,508030
2021-03-11,2.03,2.06,1.9759,2.03,277851
2021-03-12,2.07,2.07,1.93,2,243910
2021-03-15,2,2.06,1.9039,1.92,247440
2021-03-16,1.91,1.99,1.87,1.93,168661
2021-03-17,1.95,2.03,1.93,2.01,189136
2021-03-18,1.99,2.04,1.88,1.91,126988
2021-03-19,1.9,2,1.88,2,243487
2021-03-22,2,2,1.88,1.9,161115
2021-03-23,1.91,1.92,1.84,1.87,213664
2021-03-24,1.91,1.91,1.81,1.84,130558
2021-03-25,1.83,1.83,1.66,1.8,269141
2021-03-26,1.81,1.9,1.79,1.86,119631
2021-03-29,1.85,1.88,1.72,1.79,130788
2021-03-30,1.823,1.823,1.75,1.78,96263
2021-03-31,1.79,1.88,1.72,1.87,149515
2021-04-01,1.8836,2.11,1.8836,1.97,461572
2021-04-05,2.08,2.3399,2.05,2.18,992605
2021-04-06,2.29,2.39,2.17,2.25,455282
2021-04-07,2.27,2.29,2.18,2.24,280111
2021-04-08,2.26,2.26,2.08,2.21,263611
2021-04-09,2.17,2.24,1.95,2.06,329488
2021-04-12,2.06,2.1,1.98,2,222919
2021-04-13,1.83,2.01,1.8,1.99,418386
2021-04-14,2,2.11,1.97,2.09,230366
2021-04-15,2.1,2.1,1.96,2.02,121587
2021-04-16,2.01,2.1,1.93,2.07,253039
2021-04-19,2.03,2.08,2,2.04,320105
2021-04-20,2.07,2.08,1.9,1.96,228317
2021-04-21,1.93,1.95,1.85,1.945,125263
2021-04-22,1.85,1.95,1.85,1.91,254087
2021-04-23,1.91,2,1.9,2,179846
2021-04-26,2,2.1,2,2.07,381251
2021-04-27,2.1,2.15,2.01,2.1,194961
2021-04-28,2.12,2.2,2.08,2.18,253267
2021-04-29,2.2,2.2,2.02,2.14,298314
2021-04-30,2.07,2.139,2.05,2.07,131364
2021-05-03,2.06,2.26,2,2.25,387219
2021-05-04,2.1,2.21,2.09,2.14,353400
2021-05-05,2.19,2.4566,2.16,2.42,564677
2021-05-06,2.4,2.4,2.23,2.25,409484
2021-05-07,2.25,2.4,2.21,2.37,306376
2021-05-10,2.37,2.4,2.12,2.2,575250
2021-05-11,2.19,2.27,2.1501,2.245,148518
2021-05-12,2.23,2.31,2.18,2.28,375862
2021-05-13,2.28,2.3501,2.1,2.13,302088
2021-05-14,2.18,2.21,2.05,2.08,175065
2021-05-17,2.13,2.27,2.09,2.24,331045
2021-05-18,2.27,2.28,2.2,2.27,222522
2021-05-19,2.25,2.25,2.07,2.16,317052
2021-05-20,2.16,2.16,2.09,2.11,184781
2021-05-21,2.13,2.16,2.1,2.12,109323
2021-05-24,2.16,2.2399,2.12,2.18,256026
2021-05-25,2.18,2.2,2.12,2.142,163274
2021-05-26,2.12,2.17,2.08,2.14,266203
2021-05-27,2.13,2.39,2.1207,2.38,440303
2021-05-28,2.4,2.42,2.31,2.42,284464
2021-06-01,2.54,3,2.53,2.97,1685545
2021-06-02,2.925,2.925,2.75,2.81,799990
2021-06-03,2.83,2.93,2.71,2.87,312021
2021-06-04,2.9,2.92,2.7403,2.77,268357
2021-06-07,2.8,2.85,2.63,2.72,252823
2021-06-08,2.72,2.83,2.65,2.76,170417
2021-06-09,2.8332,2.85,2.7019,2.85,136846
2021-06-10,2.86,2.9799,2.8,2.81,287661
2021-06-11,2.8,2.9,2.7638,2.85,154635
2021-06-14,2.87,2.96,2.8601,2.92,468265
2021-06-15,2.81,2.859,2.63,2.7,560373
2021-06-16,2.67,2.77,2.65,2.75,144191
2021-06-17,2.72,2.76,2.5515,2.58,299847
2021-06-18,2.54,2.55,2.34,2.43,395075
2021-06-21,2.43,2.63,2.43,2.62,283983
2021-06-22,2.61,2.63,2.48,2.62,117892
2021-06-23,2.64,2.77,2.64,2.7,325299
2021-06-24,2.71,2.7632,2.65,2.75,229726
2021-06-25,2.73,2.81,2.71,2.81,194458
2021-06-28,2.86,3.05,2.73,2.94,822824
2021-06-29,2.94,2.95,2.7,2.72,177619
2021-06-30,2.71,2.7599,2.6024,2.695,202467
2021-07-01,2.74,2.755,2.66,2.7,167198
2021-07-02,2.71,2.73,2.65,2.68,104390
2021-07-06,2.7,2.725,2.57,2.62,215734
2021-07-07,2.8,2.8,2.59,2.77,300179
2021-07-08,2.72,2.77,2.63,2.76,131203
2021-07-09,2.76,2.9,2.76,2.885,211051
2021-07-12,2.91,3.05,2.9,3.03,767689
2021-07-13,2.98,3.01,2.8,2.91,351677
2021-07-14,2.94,3.48,2.9,3.18,2180618
2021-07-15,3.22,3.43,3.09,3.29,949268
2021-07-16,3.4178,3.45,3.23,3.26,1368308
2021-07-19,3.18,3.19,2.8,3.03,896393
2021-07-20,3,3.12,2.8,2.98,562778
2021-07-21,3.01,3.1473,2.92,3.03,498293
2021-07-22,3.07,3.11,2.92,3.02,367076
2021-07-23,2.9604,3.065,2.923,2.98,292689
2021-07-26,3.0547,3.2199,2.96,3.11,510423
2021-07-27,3.15,3.22,2.9308,3.01,270172
2021-07-28,3.01,3.08,2.96,2.98,130261
2021-07-29,2.9644,3.0499,2.9,3.01,187870
2021-07-30,3.01,3.09,2.99,3.06,161240
2021-08-02,3.12,3.1799,2.98,3.02,347836
2021-08-03,3,3.02,2.81,2.85,387743
2021-08-04,2.8,2.82,2.61,2.62,631651
2021-08-05,2.63,2.84,2.63,2.68,275249
2021-08-06,2.68,2.86,2.6601,2.79,344723
2021-08-09,2.74,2.8,2.5,2.59,668392
2021-08-10,2.62,2.6266,2.21,2.3,911104
2021-08-11,2.37,2.42,2.275,2.4,435700
2021-08-12,2.38,2.43,2.31,2.37,243190
2021-08-13,2.35,2.39,2.29,2.34,232861
2021-08-16,2.33,2.34,2.24,2.24,225778
2021-08-17,2.24,2.2933,2.17,2.2,395127
2021-08-18,2.23,2.27,2.12,2.15,241619
2021-08-19,2.13,2.14,2.01,2.01,328745
2021-08-20,1.99,2.1399,1.99,2.05,225012
2021-08-23,2.23,2.26,2.09,2.1,392638
2021-08-24,2.13,2.24,2.13,2.21,157916
2021-08-25,2.25,2.32,2.16,2.27,120065
2021-08-26,2.25,2.28,2.2199,2.27,293923
2021-08-27,2.26,2.4,2.26,2.3,155991
2021-08-30,2.34,2.38,2.24,2.28,133274
2021-08-31,2.29,2.38,2.25,2.36,130675
2021-09-01,2.33,2.35,2.2301,2.28,247085
2021-09-02,2.3,2.47,2.3,2.44,363429
2021-09-03,2.43,2.46,2.3301,2.37,158657
2021-09-07,2.34,2.49,2.34,2.48,331998
2021-09-08,2.46,2.47,2.33,2.41,278823
2021-09-09,2.37,2.43,2.35,2.39,120327
2021-09-10,2.37,2.6,2.37,2.55,249053
2021-09-13,2.57,2.73,2.55,2.57,227155
2021-09-14,2.65,2.67,2.48,2.5,128053
2021-09-15,2.5,2.64,2.5,2.57,121987
2021-09-16,2.6,2.62,2.4314,2.48,127914
2021-09-17,2.45,2.46,2.27,2.32,424464
2021-09-20,2.23,2.25,2.15,2.21,234170
2021-09-21,2.22,2.33,2.2,2.33,169393
2021-09-22,2.32,2.44,2.28,2.28,278006
2021-09-23,2.32,2.38,2.29,2.37,74536
2021-09-24,2.4,2.4365,2.33,2.36,111980
2021-09-27,2.38,2.6,2.38,2.55,265450
2021-09-28,2.6,2.9,2.5541,2.88,448264
2021-09-29,2.92,2.92,2.7,2.78,253000
2021-09-30,2.74,3.05,2.73,2.96,337955
2021-10-01,2.99,3.05,2.92,2.99,332751
2021-10-04,3.05,3.49,2.99,3.13,1284473
2021-10-05,3.2,3.43,3.13,3.39,785022
2021-10-06,3.33,3.55,3.06,3.43,580653
2021-10-07,3.47,3.85,3.36,3.74,943111
2021-10-08,3.79,4.58,3.73,4.29,2183505
2021-10-11,4.39,4.53,3.86,3.98,1696259
2021-10-12,3.98,3.99,3.42,3.53,1432379
2021-10-13,3.5876,3.75,3.54,3.585,583260
2021-10-14,3.7,3.85,3.48,3.52,544018
2021-10-15,3.53,3.77,3.5293,3.63,403279
2021-10-18,3.6,3.95,3.571,3.89,819092
2021-10-19,3.9,3.9,3.27,3.29,1047247
2021-10-20,3.3,3.5499,3.3,3.43,431859
2021-10-21,3.4,3.47,3.2,3.33,348990
2021-10-22,3.32,3.39,3.21,3.34,227013
2021-10-25,3.272,3.6199,3.24,3.37,558520
2021-10-26,3.38,3.41,3.18,3.31,316885
2021-10-27,3.25,3.43,3.19,3.25,189498
2021-10-28,3.23,3.35,3.2,3.3,363131
2021-10-29,3.31,3.37,3.13,3.23,442450
2021-11-01,3.32,3.53,3.18,3.4,481630
2021-11-02,3.37,3.3743,3.03,3.08,384690
2021-11-03,3.09,3.19,3,3.11,344472
2021-11-04,3.1,3.2,3.02,3.08,302209
2021-11-05,3.1,3.16,3.02,3.13,77557
2021-11-08,3.1,3.4,3.0802,3.24,622419
2021-11-09,3.05,3.13,2.55,2.74,1571418
2021-11-10,2.73,2.85,2.63,2.65,307797
2021-11-11,2.6821,2.69,2.6,2.64,225913
2021-11-12,2.67,2.7,2.57,2.64,331995
2021-11-15,2.68,2.69,2.4,2.43,480265
2021-11-16,2.525,2.525,2.31,2.35,491184
2021-11-17,2.34,2.44,2.23,2.29,209166
2021-11-18,2.31,2.35,2.17,2.24,355498
2021-11-19,2.24,2.36,2.2,2.3,283918
2021-11-22,2.32,2.56,2.275,2.47,475210
2021-11-23,2.48,2.89,2.48,2.66,566650
2021-11-24,2.67,2.77,2.55,2.77,235811
2021-11-26,2.55,2.65,2.48,2.62,192008
2021-11-29,2.7,2.7,2.54,2.64,200535
2021-11-30,2.61,2.65,2.34,2.46,339867
2021-12-01,2.5,2.54,2.28,2.35,167945
2021-12-02,2.38,2.5,2.34,2.45,103855
2021-12-03,2.48,2.5399,2.31,2.36,131042
2021-12-06,2.36,2.5,2.3,2.43,114766
2021-12-07,2.45,2.53,2.39,2.4,69532
2021-12-08,2.43,2.465,2.36,2.42,57559
2021-12-09,2.45,2.45,2.35,2.38,77786
2021-12-10,2.37,2.41,2.28,2.35,58695
2021-12-13,2.33,2.37,2.2,2.24,279596
2021-12-14,2.18,2.33,2.15,2.2,121859
2021-12-15,2.17,2.2395,2.06,2.21,248081
2021-12-16,2.24,2.31,2.13,2.17,166277
2021-12-17,2.17,2.25,2.0737,2.21,121021
2021-12-20,2.24,2.24,2.1,2.22,135951
2021-12-21,2.25,2.3899,2.1518,2.31,250908
2021-12-22,2.33,2.39,2.27,2.36,126639
2021-12-23,2.5121,2.5121,2.32,2.42,79514
2021-12-27,2.44,2.44,2.335,2.41,111454
2021-12-28,2.37,2.45,2.37,2.41,93657
2021-12-29,2.4,2.48,2.345,2.39,109900
2021-12-30,2.37,2.48,2.34,2.41,132933
2021-12-31,2.32,2.47,2.32,2.46,142535
2022-01-03,2.46,2.66,2.41,2.65,169253
2022-01-04,2.69,2.7,2.51,2.55,302201
2022-01-05,2.54,2.62,2.35,2.41,193983
2022-01-06,2.43,2.49,2.32,2.47,51242
2022-01-07,2.55,2.58,2.45,2.54,78949
2022-01-10,2.54,2.54,2.38,2.5,65158
2022-01-11,2.46,2.56,2.4226,2.53,153326
2022-01-12,2.57,2.75,2.52,2.73,227992
2022-01-13,2.75,2.83,2.61,2.67,191140
2022-01-14,2.72,2.8,2.64,2.75,104412
2022-01-18,2.75,2.84,2.65,2.68,130498
2022-01-19,2.69,2.74,2.56,2.62,129618
2022-01-20,2.63,2.6861,2.5,2.51,140171
2022-01-21,2.45,2.55,2.33,2.41,150467
2022-01-24,2.38,2.41,2.1957,2.38,144021
2022-01-25,2.38,2.56,2.22,2.47,185568
2022-01-26,2.54,2.62,2.32,2.44,112960
2022-01-27,2.49,2.51,2.35,2.43,140446
2022-01-28,2.587,2.587,2.34,2.45,135722
2022-01-31,2.44,2.48,2.4,2.42,77442
2022-02-01,2.43,2.53,2.36,2.45,149954
2022-02-02,2.45,2.5,2.43,2.45,83007
2022-02-03,2.4,2.52,2.4,2.43,106934
2022-02-04,2.43,2.49,2.36,2.45,671169
2022-02-07,2.45,2.46,2.33,2.42,627667
2022-02-08,2.38,2.56,2.32,2.49,285267
2022-02-09,2.5,2.64,2.4571,2.64,160108
2022-02-10,2.66,2.83,2.6289,2.72,366375
2022-02-11,2.68,2.92,2.65,2.89,436768
2022-02-14,2.89,2.97,2.8,2.89,402818
2022-02-15,2.9899,3.14,2.8344,3.13,358391
2022-02-16,3.1,3.33,3.1,3.25,422052
2022-02-17,3.28,3.4,3.1301,3.25,535755
2022-02-18,3.21,3.63,2.82,3.59,792157
2022-02-22,3.615,3.79,3.33,3.445,553337
2022-02-23,3.48,3.65,3.38,3.42,168340
2022-02-24,3.42,3.42,3.2,3.3,199539
2022-02-25,3.31,3.55,3.301,3.49,143183
2022-02-28,3.29,3.53,3.22,3.43,323975
2022-03-01,3.4,3.74,3.37,3.67,387285
2022-03-02,3.75,4.0588,3.75,3.99,406127
2022-03-03,4.05,4.18,3.87,4.17,575585
2022-03-04,4.14,4.43,4.09,4.16,750664
2022-03-07,4.17,4.29,3.25,3.61,923025
2022-03-08,3.66,4.08,3.645,3.92,404498
2022-03-09,3.9,3.93,3.71,3.88,205100
2022-03-10,3.89,4.15,3.89,4.14,329652
2022-03-11,4.12,4.14,3.87,3.88,200298
2022-03-14,3.86,3.87,3.4,3.41,384576
2022-03-15,3.42,3.52,3.33,3.49,136444
2022-03-16,3.47,3.58,3.415,3.49,124675
2022-03-17,3.52,3.72,3.51,3.68,125422
2022-03-18,3.73,3.73,3.52,3.65,304175
2022-03-21,3.6,3.87,3.6,3.74,211185
2022-03-22,3.77,3.84,3.6575,3.77,246043
2022-03-23,3.81,4.08,3.7809,4.02,224091
2022-03-24,4.1,4.1199,3.895,3.99,188825
2022-03-25,3.96,4.09,3.8426,4.07,337592
2022-03-28,4.07,4.07,3.84,3.92,228022
2022-03-29,3.62,3.62,3.3138,3.44,484689
2022-03-30,3.43,3.54,3.4,3.42,208298
2022-03-31,3.42,3.55,3.37,3.5,149589
2022-04-01,3.48,3.62,3.43,3.45,140091
2022-04-04,3.45,3.49,3.3,3.41,241278
2022-04-05,3.45,3.64,3.4,3.43,167060
2022-04-06,3.37,3.61,3.36,3.59,168451
2022-04-07,3.58,3.9,3.54,3.87,309450
2022-04-08,3.92,4.14,3.87,3.94,267456
2022-04-11,3.87,3.87,3.6,3.8,212640
2022-04-12,3.79,4.19,3.79,4.03,238169
2022-04-13,4.29,5.3,4.28,5.04,7557919
2022-04-14,5,5.65,4.67,5.22,3298753
2022-04-18,5.25,6.17,4.82,5.43,3920700
2022-04-19,5.38,5.38,4.92,5.07,1099968
2022-04-20,5.01,5.32,4.4,4.51,1802215
2022-04-21,4.54,4.7498,4.09,4.18,845154
2022-04-22,4.265,4.35,4.04,4.14,959604
2022-04-25,3.98,4.065,3.72,3.96,898827
2022-04-26,3.99,4.5347,3.93,4.25,643801
2022-04-27,4.3,4.54,4.2245,4.37,262640
2022-04-28,4.39,4.48,4,4.31,246831
2022-04-29,4.31,4.47,4.2111,4.26,205241
2022-05-02,4.24,4.33,4.08,4.28,355391
2022-05-03,4.27,4.47,4.18,4.38,185133
2022-05-04,4.42,4.56,4.26,4.48,208159
2022-05-05,4.55,4.6389,4.1745,4.36,284453
2022-05-06,4.35,4.4202,4.2,4.29,129186
2022-05-09,4.16,4.1869,3.96,4.13,400110
2022-05-10,4.13,4.415,4.13,4.31,257614
2022-05-11,4.32,4.54,4.27,4.33,135427
2022-05-12,4.24,4.2528,4,4.11,218532
2022-05-13,4.15,4.4,4.15,4.32,206688
2022-05-16,4.36,4.5,4.0001,4.4,109672
2022-05-17,4.4,4.53,4.3,4.32,166028
2022-05-18,4.38,4.4299,4.06,4.12,177016
2022-05-19,4.05,4.38,4.05,4.24,211166
2022-05-20,4.22,4.29,4.1,4.26,255888
2022-05-23,4.25,4.65,4.21,4.57,240050
2022-05-24,4.42,4.49,3.97,4.285,694840
2022-05-25,4.17,4.48,4.16,4.44,336669
2022-05-26,4.49,4.65,4.44,4.44,208353
2022-05-27,4.45,4.9,4.35,4.8,385663
2022-05-31,4.92,5.12,4.7,4.82,361506
2022-06-01,4.91,5.03,4.83,5.02,208452
2022-06-02,5.03,5.41,5,5.21,355465
2022-06-03,5.24,5.3,5.01,5.18,182745
2022-06-06,5.23,5.39,5.02,5.08,202580
2022-06-07,5.03,5.54,5.03,5.18,378156
2022-06-08,5.26,6.09,5.17,5.88,1030202
2022-06-09,5.78,6.34,5.49,5.92,1025770
2022-06-10,5.74,6.79,5.63,6.55,1095511
2022-06-13,6.45,6.52,5.72,6.02,939158
2022-06-14,6.11,6.44,5.7,5.7,482547
2022-06-15,5.7,6.03,5.49,6.03,509741
2022-06-16,6.03,6.16,5.665,5.95,658859
2022-06-17,5.88,6.06,5.34,6.05,807829
2022-06-21,6.41,7.62,6.36,7.38,1854092
2022-06-22,7.19,7.5,6.62,7.5,1004832
2022-06-23,7.7,7.7,5.98,6.1,944127
2022-06-24,5.91,6.23,5.855,5.88,530174
2022-06-27,5.86,6.14,5.73,5.8,388317
2022-06-28,5.94,6.42,5.772,6.17,488443
2022-06-29,6.3,6.4004,5.49,5.6,508461
2022-06-30,5.41,5.425,5.17,5.41,397047
2022-07-01,5.41,5.82,5.2838,5.81,286582
2022-07-05,5.93,5.93,5.04,5.11,587478
2022-07-06,5.05,5.28,4.95,5.25,366186
2022-07-07,5.35,5.87,5.35,5.84,392979
2022-07-08,6.125,6.125,5.65,5.98,357435
2022-07-11,6.05,6.27,5.835,6.23,335565
2022-07-12,6.04,6.15,5.77,5.94,333106
2022-07-13,5.5,6.35,5.47,6.25,326069
2022-07-14,6.09,6.3,5.91,6.22,174953
2022-07-15,6.33,6.44,6.07,6.41,151636
2022-07-18,6.66,6.9362,6.3,6.39,342980
2022-07-19,6.37,6.62,6.32,6.48,175335
2022-07-20,6.48,6.56,6.375,6.51,120087
2022-07-21,6.38,6.5,5.96,6.04,231501
2022-07-22,6.14,6.36,6,6.13,200500
2022-07-25,6.22,6.83,5.985,6.75,357154
2022-07-26,7.08,7.08,6.61,6.99,270548
2022-07-27,6.99,7.08,6.71,6.99,177260
2022-07-28,7.04,7.16,6.591,6.76,478011
2022-07-29,6.95,6.95,6.61,6.69,123066
2022-08-01,6.74,6.77,6.42,6.47,211274
2022-08-02,6.4,6.7,6.33,6.58,168075
2022-08-03,6.61,6.92,6.47,6.63,197296
2022-08-04,6.57,6.74,6.56,6.62,183837
2022-08-05,6.52,6.71,6.39,6.45,184911
2022-08-08,6.43,6.5391,6.21,6.31,173426
2022-08-09,6.37,6.61,6.35,6.47,155845
2022-08-10,6.45,6.72,6.35,6.68,138258
2022-08-11,6.79,7.2,6.79,7.1,249478
2022-08-12,7.18,7.4,7.05,7.33,219149
2022-08-15,7.33,7.33,6.74,7.16,187214
2022-08-16,7.15,7.21,6.2,6.465,568762
2022-08-17,6.37,6.59,6.21,6.54,185633
2022-08-18,6.45,7.42,6.45,7.41,647124
2022-08-19,7.36,7.58,7.1,7.35,195153
2022-08-22,7.33,7.56,7.05,7.34,187897
2022-08-23,7.39,7.95,7.13,7.14,431167
2022-08-24,7.23,7.2999,7.02,7.11,254055
2022-08-25,7.13,7.4899,7.12,7.3,224482
2022-08-26,7.19,7.55,7.06,7.39,257874
2022-08-29,7.4,7.46,7.08,7.11,156667
2022-08-30,7.01,7.06,6.3,6.58,321677
2022-08-31,6.46,6.6256,6.45,6.52,184665
2022-09-01,6.4,6.5,6.09,6.21,305209
2022-09-02,6.37,6.6,6.23,6.6,131737
2022-09-06,6.61,6.88,6.6,6.66,120253
2022-09-07,6.7,6.765,6.3568,6.55,138429
2022-09-08,6.54,6.58,6.11,6.14,204459
2022-09-09,6.15,6.43,6.15,6.22,166332
2022-09-12,6.129,6.3,5.8,5.99,351106
2022-09-13,5.86,6.14,5.71,5.74,199458
2022-09-14,5.75,6.06,5.75,5.95,253378
2022-09-15,5.94,6.04,5.8,5.85,188918
2022-09-16,5.75,5.85,5.56,5.71,302406
2022-09-19,5.6,5.9788,5.6,5.87,159729
2022-09-20,5.82,5.82,5.6366,5.69,84721
2022-09-21,5.72,5.81,5.4638,5.63,304562
2022-09-22,5.58,5.805,5.52,5.61,104994
2022-09-23,5.4,5.46,5.09,5.27,318988
2022-09-26,5.17,5.4695,5.13,5.26,205482
2022-09-27,5.31,5.58,5.31,5.52,156259
2022-09-28,5.57,5.85,5.52,5.8,106650
2022-09-29,5.74,5.75,5.5152,5.62,86479
2022-09-30,5.59,5.8,5.0324,5.62,107197
2022-10-03,5.68,6.13,5.68,6,157457
2022-10-04,6.03,6.3,6.03,6.2,145146
2022-10-05,6.2,6.35,6.06,6.32,71607
2022-10-06,6.19,6.49,6.18,6.38,123004
2022-10-07,6.38,6.7,6.27,6.63,417309
2022-10-10,6.9,6.93,6.36,6.49,321349
2022-10-11,6.37,6.76,6.35,6.46,150666
2022-10-12,6.49,6.61,6.33,6.51,85698
2022-10-13,6.4,6.75,6.35,6.75,189097
2022-10-14,6.62,6.75,6.45,6.49,129190
2022-10-17,6.65,6.725,6.39,6.6,211526
2022-10-18,6.68,6.91,6.605,6.76,88318
2022-10-19,6.74,6.98,6.55,6.84,120755
2022-10-20,6.88,7.06,6.5101,6.68,130030
2022-10-21,6.76,6.8,6.521,6.74,86414
2022-10-24,6.82,6.99,6.52,6.97,167491
2022-10-25,6.96,7.24,6.9,7.17,126587
2022-10-26,7.08,7.4399,6.915,7.3,177316
2022-10-27,7.38,7.45,7.11,7.39,129746
2022-10-28,7.47,7.51,7.1614,7.45,117962
2022-10-31,7.47,7.85,7.4,7.79,138363
2022-11-01,7.89,8.3314,7.66,8.02,293193
2022-11-02,8.22,8.22,7.7,7.8,185216
2022-11-03,7.77,7.995,7.6501,7.69,109243
2022-11-04,7.83,8.084,7.6268,8.08,120073
2022-11-07,8.18,8.27,7.88,8.1,190467
2022-11-08,8.09,8.09,7.3287,7.66,200596
2022-11-09,7.56,7.58,7.12,7.2,193579
2022-11-10,7.35,7.41,7.06,7.23,117493
2022-11-11,7.24,7.38,6.84,6.97,180765
2022-11-14,6.91,7.29,6.5,6.96,275178
2022-11-15,6.98,7.94,6.67,7.91,252488
2022-11-16,7.71,8.31,7.59,8.18,210911
2022-11-17,8.14,8.2001,7.81,8.13,122492
2022-11-18,8,8.2,7.8,8.02,118445
2022-11-21,8.04,8.04,7.31,7.94,119393
2022-11-22,7.99,8.7,7.8,8.68,170086
2022-11-23,8.68,9.6,8.6,9.14,386267
2022-11-25,9.22,9.99,9,9.97,185211
2022-11-28,9.99,9.99,8.62,9.65,369912
2022-11-29,9.65,10.23,9.46,10.22,414352
2022-11-30,10.5,10.99,9.7603,10.2,417416
2022-12-01,10.39,10.63,10.01,10.2,250973
2022-12-02,9.99,10.28,9.75,10.12,230718
2022-12-05,10.19,10.22,9.29,9.45,255241
2022-12-06,9.39,9.5885,9.13,9.26,198089
2022-12-07,9.2,9.35,8.8656,9.3,188694
2022-12-08,9.43,9.81,8.67,8.82,175161
2022-12-09,8.73,8.94,8.49,8.52,139317
2022-12-12,8.51,8.775,8.46,8.67,147440
2022-12-13,8.92,9.4,8.85,9.37,148124
2022-12-14,9.5,9.86,9.28,9.43,174710
2022-12-15,9.43,9.564,9.06,9.27,124684
2022-12-16,9.18,9.63,8.8771,9.35,230314
2022-12-19,9.37,9.92,9.34,9.61,144216
2022-12-20,9.65,10.24,9.65,9.73,213175
2022-12-21,9.9,9.94,9.54,9.81,143616
2022-12-22,9.87,9.99,9.3,9.79,188841
2022-12-23,9.97,11.35,9.84,11.3,757693
2022-12-27,11.49,11.57,10.68,11.1,357111
2022-12-28,11.02,11.1,9.6001,9.915,351717
2022-12-29,9.74,10.19,9.28,10.03,279120
2022-12-30,10,10.25,9.77,9.99,774991
2023-01-03,9.99,9.99,8.5,9.1,376003
2023-01-04,8.94,9.12,8.78,8.84,172893
2023-01-05,8.69,9.14,8.5,9.01,200053
2023-01-06,9.2,9.78,9.1138,9.61,178138
2023-01-09,9.7,10.1098,9.7,9.88,190057
2023-01-10,9.91,10,9.56,9.75,143678
2023-01-11,9.74,9.91,9.53,9.78,162726
2023-01-12,9.83,9.89,9.52,9.69,118871
2023-01-13,9.62,9.795,9.56,9.73,97450
2023-01-17,9.21,10.0936,8.9,9.9,305116
2023-01-18,9.98,10.3,9.35,9.38,198698
2023-01-19,9.31,9.555,8.995,9.19,197994
2023-01-20,9.22,9.3163,8.93,9.22,164992
2023-01-23,9.22,9.275,8.9201,8.99,189073
2023-01-24,8.96,9.09,8.82,9.04,75927
2023-01-25,9.02,9.02,8.64,8.64,112249
2023-01-26,8.69,8.78,8.27,8.5,195478
2023-01-27,8.48,8.58,8.11,8.16,198729
2023-01-30,8.02,8.44,7.97,8.29,282011
2023-01-31,8.3,9.1,8.29,8.84,189970
2023-02-01,8.83,8.985,8.53,8.9,172353
2023-02-02,8.83,9.22,8.72,9.11,174088
2023-02-03,8.98,9.34,8.96,9.07,164966
2023-02-06,9.07,9.2,8.77,8.87,99489
2023-02-07,8.87,9.225,8.85,9.15,143524
2023-02-08,9.16,9.16,8.12,8.18,227027
2023-02-09,8.2,8.2509,7.41,7.47,319031
2023-02-10,7.5,8,7.34,7.94,263323
2023-02-13,7.98,8.04,7.7,7.92,137273
2023-02-14,7.82,8.14,7.69,8.12,129970
2023-02-15,8.02,8.26,7.91,7.93,174224
2023-02-16,7.91,8.402,7.82,8.24,147146
2023-02-17,8.12,8.28,7.68,7.89,153391
2023-02-21,7.76,7.83,7.21,7.24,209445
2023-02-22,7.22,7.41,7.15,7.31,123553
2023-02-23,7.44,7.705,7.3,7.32,180728
2023-02-24,7.19,7.67,7.17,7.56,255016
2023-02-27,7.57,7.785,7.42,7.5,202704
2023-02-28,7.68,7.82,7.47,7.63,141277
2023-03-01,7.56,7.71,7.2406,7.65,205966
2023-03-02,7.65,7.87,7.44,7.8,110095
2023-03-03,7.76,8.13,7.76,8,138624
2023-03-06,7.91,8.04,7.65,7.69,140872
2023-03-07,7.66,7.81,7.555,7.8,63749
2023-03-08,7.79,7.93,7.71,7.91,139205
2023-03-09,7.93,8.14,7.78,8.14,124886
2023-03-10,8.1,8.24,7.95,8.08,218227
2023-03-13,7.86,8.04,7.3221,7.82,310380
2023-03-14,7.85,8.08,7.51,7.57,198040
2023-03-15,7.48,7.51,6.87,7,327361
2023-03-16,6.9,7.58,6.89,7.49,253166
2023-03-17,8.13,8.7,7.63,7.92,870624
2023-03-20,7.92,8.43,7.92,8.23,219967
2023-03-21,8.38,8.64,8.07,8.31,237146
2023-03-22,8.36,8.46,8.15,8.23,117722
2023-03-23,8.3,8.6,7.74,7.91,133831
2023-03-24,7.83,8.3,7.563,8.23,122532
2023-03-27,8.4,8.87,8.36,8.81,150158
2023-03-28,8.71,9.33,8.71,9.16,253437
2023-03-29,9.16,9.46,9.05,9.26,240280
2023-03-30,9.16,9.35,9.07,9.16,184922
2023-03-31,9.12,9.29,9.02,9.19,388826
2023-04-03,9.26,9.73,9.06,9.63,234973
2023-04-04,9.63,9.63,8.925,9.01,232023
2023-04-05,9,9.03,8.42,8.68,166226
2023-04-06,8.7,9.12,8.605,9.01,179991
2023-04-10,9.01,9.6,8.935,9.46,201820
2023-04-11,9.53,9.72,9.35,9.39,225107
2023-04-12,9.41,9.41,8.88,8.95,118724
2023-04-13,8.95,9.31,8.95,8.99,116287
2023-04-14,8.89,8.9,8.27,8.71,203896
2023-04-17,8.67,9.05,8.6,8.78,109863
2023-04-18,8.77,9.11,8.6601,9.1,104193
2023-04-19,8.9,9.11,8.82,8.91,98015
2023-04-20,8.81,8.88,8.56,8.71,114792
2023-04-21,8.75,8.75,8.26,8.53,130661
2023-04-24,8.48,8.7822,8.48,8.63,180193
2023-04-25,8.55,8.6888,8.16,8.27,215064
2023-04-26,8.2,8.27,8.01,8.08,147786
2023-04-27,8.04,8.2,7.9,8.09,114556
2023-04-28,8.05,8.16,7.93,8.04,153508
2023-05-01,8.04,8.14,7.76,7.87,161122
2023-05-02,7.8,7.95,7.71,7.84,96269
2023-05-03,7.78,7.86,7.61,7.61,128364
2023-05-04,7.61,7.66,7.45,7.5,103221
2023-05-05,7.69,7.75,7.55,7.67,186545
2023-05-08,7.78,7.8742,7.6,7.82,158410
2023-05-09,8.25,9.13,8.07,8.9,411493
2023-05-10,8.97,9.2,8.77,9.19,226055
2023-05-11,9.1,9.22,9.02,9.12,120915
2023-05-12,9.19,9.33,9.05,9.18,114672
2023-05-15,9.23,9.52,9.1,9.39,271498
2023-05-16,9.39,9.6299,9.1,9.13,117595
2023-05-17,9.19,9.28,9.01,9.2,193332
2023-05-18,9.13,9.15,8.3,8.6,286835
2023-05-19,8.67,8.76,8.25,8.33,141074
2023-05-22,8.34,8.67,8.25,8.66,287523
2023-05-23,8.66,9.14,8.63,8.79,204192
2023-05-24,8.71,8.75,8.25,8.48,145981
2023-05-25,8.4,8.58,8.335,8.39,154497
2023-05-26,8.4,8.5,8.1,8.1,177342
2023-05-30,8.18,8.2,7.81,7.97,260329
2023-05-31,7.85,7.96,7.77,7.79,101566
2023-06-01,7.74,8.12,7.74,8.115,158406
2023-06-02,8.17,8.4,8.13,8.38,153933
2023-06-05,8.46,8.5,8.3,8.43,139508
2023-06-06,8.32,8.42,8.28,8.305,151936
2023-06-07,8.34,8.4,8.125,8.18,199592
2023-06-08,8.21,8.24,7.95,8.07,197799
2023-06-09,8.01,8.33,7.995,8.09,115679
2023-06-12,8.06,8.165,7.87,7.87,107862
2023-06-13,7.91,8.1575,7.895,7.95,159280
2023-06-14,7.96,8.225,7.96,8.01,103080
2023-06-15,8.03,8.29,8.03,8.19,160200
2023-06-16,8.22,8.3198,7.9,8.26,525951
2023-06-20,8.26,9.07,8.13,9,292490
2023-06-21,8.77,9.68,8.77,9.53,300517
2023-06-22,9.47,9.59,9.02,9.32,220746
2023-06-23,9.09,9.32,8.51,8.68,3102784
2023-06-26,8.43,8.56,7.77,8.22,529891
2023-06-27,8.29,8.29,8.0412,8.18,324308
2023-06-28,8.13,8.25,8.02,8.25,370479
2023-06-29,8.21,8.52,8.21,8.42,254573
2023-06-30,8.47,8.63,8.26,8.57,1611429
2023-07-03,8.69,9.405,8.65,9.31,176080
2023-07-05,9.31,9.555,9.05,9.05,208940
2023-07-06,9.03,9.19,8.4,8.54,195609
2023-07-07,8.56,8.89,8.55,8.81,258303
2023-07-10,8.85,9.0588,8.81,8.96,139677
2023-07-11,8.93,9.25,8.91,9.24,126994
2023-07-12,9.4,9.4999,8.97,8.99,137634
2023-07-13,8.99,9.13,8.84,9.01,113119
2023-07-14,9.04,9.07,8.69,8.71,238570
2023-07-17,8.67,8.77,8.35,8.36,193848
2023-07-18,8.37,8.76,8.31,8.43,208091
2023-07-19,8.44,8.68,8.44,8.66,129514
2023-07-20,8.63,8.99,8.63,8.96,130328
2023-07-21,9.02,9.04,8.84,8.99,92525
2023-07-24,9.02,9.29,9.01,9.09,105413
2023-07-25,8.98,9.325,8.98,9.04,207293
2023-07-26,9.07,9.29,8.92,8.95,114474
2023-07-27,8.98,8.98,8.61,8.7,152238
2023-07-28,8.72,8.78,8.58,8.73,88003
2023-07-31,8.71,9.23,8.695,9.22,158343
2023-08-01,9.2,9.9,9.19,9.71,273472
2023-08-02,9.68,9.68,9.14,9.34,124549
2023-08-03,9.35,9.39,9.04,9.24,85344
2023-08-04,9.24,9.77,9.24,9.49,130082
2023-08-07,9.54,9.72,9.1,9.69,151358
2023-08-08,9.8,10.55,9.76,9.82,242891
2023-08-09,9.99,10.53,9.9,10.28,230359
2023-08-10,10.39,10.489,9.961,10.225,226453
2023-08-11,10.25,10.38,10.02,10.17,196892
2023-08-14,10.12,10.149,9.26,9.99,134088
2023-08-15,9.95,10.21,9.95,10.01,88349
2023-08-16,10.06,10.64,10.06,10.61,202108
2023-08-17,10.58,11.03,10.48,10.51,141038
2023-08-18,10.311,10.74,10.26,10.72,160946
2023-08-21,10.98,11.18,10.72,10.99,179360
2023-08-22,11.05,11.3,11.05,11.16,165359
2023-08-23,11.02,11.81,11.02,11.74,291627
2023-08-24,11.74,11.775,11.4201,11.59,115482
2023-08-25,11.64,11.73,11.41,11.64,175284
2023-08-28,11.78,12.4,11.7,12.07,423683
2023-08-29,12.48,12.48,11.79,11.855,272194
2023-08-30,12.05,12.12,11.6,11.72,262902
2023-08-31,11.75,11.75,10.22,10.74,373370
2023-09-01,10.98,11.39,10.98,11.23,246683
2023-09-05,11.24,11.24,10.83,10.85,152076
2023-09-06,10.8,11.05,10.52,10.57,141801
2023-09-07,10.53,11.12,10.53,10.94,191852
2023-09-08,10.94,11.49,10.701,11.29,162865
2023-09-11,11.34,11.645,11.06,11.1,106511
2023-09-12,11.09,11.64,11.09,11.48,110127
2023-09-13,11.53,11.8,11.4,11.56,191552
2023-09-14,11.74,12.1254,11.6301,12.11,261436
2023-09-15,12.14,12.38,11.85,12.06,315230
2023-09-18,12.01,12.16,11.76,12.08,108972
2023-09-19,12.05,12.6693,12.05,12.39,230553
2023-09-20,12.45,12.685,12.2,12.22,143745
2023-09-21,12.18,12.31,11.671,12.08,166412
2023-09-22,12.39,12.65,12.34,12.49,158534
2023-09-25,12.56,13.49,12.5201,13.46,486392
2023-09-26,13.43,13.86,13.01,13.41,528961
2023-09-27,13.49,14.0699,13.49,13.87,495284
2023-09-28,13.97,14.61,13.97,14.465,521208
2023-09-29,14.54,14.615,14.04,14.42,1262816
2023-10-02,14.45,14.45,13.21,13.735,551297
2023-10-03,13.56,13.88,13.25,13.46,233477
2023-10-04,13.53,13.545,13.08,13.46,322871
2023-10-05,13.44,13.8286,13.3313,13.63,236973
2023-10-06,13.68,14.3,13.33,14.12,268816
2023-10-09,14.29,15.1,14.26,14.77,535580
2023-10-10,14.97,15.15,14.8285,14.89,355371
2023-10-11,14.9,14.905,14.25,14.63,317269
2023-10-12,14.8,14.8,14.03,14.71,284706
2023-10-13,14.9,15,14.362,14.4,169367
2023-10-16,14.45,15.25,14.2105,15.12,394025
2023-10-17,15.12,15.79,15.12,15.62,497607
2023-10-18,15.59,15.655,15.03,15.19,252673
2023-10-19,15.27,15.41,14.78,14.97,304682
2023-10-20,15.05,15.12,14.3,14.42,401766
2023-10-23,14.24,14.3,13.56,14.16,389554
2023-10-24,14.27,14.89,14.18,14.62,237123
2023-10-25,14.61,15.06,14.51,14.7,191642
2023-10-26,14.58,14.76,14.03,14.5,221068
2023-10-27,14.61,14.67,14.27,14.45,182121
2023-10-30,14.48,14.5718,13.99,14.12,158544
2023-10-31,14.08,14.12,13.6789,13.98,163395
2023-11-01,13.96,14.314,13.7632,14.18,139734
2023-11-02,14.33,14.58,13.94,14.07,206708
2023-11-03,14.24,14.4134,13.63,13.74,249522
2023-11-06,13.8,13.81,12.73,13.38,385024
2023-11-07,13.25,13.25,11.52,11.75,655653
2023-11-08,11.55,12.31,11.535,12.22,361775
2023-11-09,12.14,12.74,12.02,12.11,256633
2023-11-10,12.13,12.35,12.06,12.23,226000
2023-11-13,12.19,12.42,12.0101,12.17,261379
2023-11-14,12.23,12.65,12.23,12.56,257762
2023-11-15,12.63,12.91,12.55,12.56,198883
2023-11-16,12.58,12.715,12.5401,12.59,154289
2023-11-17,12.73,13.06,12.671,12.71,193096
2023-11-20,12.91,12.98,12.7,12.79,198073
2023-11-21,12.76,12.9,12.66,12.85,173687
2023-11-22,12.78,13.2,12.5005,13.13,152987
2023-11-24,13.06,13.5654,13.01,13.35,74217
2023-11-27,13.45,13.45,12.62,13.04,250451
2023-11-28,13.1,13.15,12.31,12.46,207878
2023-11-29,12.5,12.5,12.08,12.41,359616
2023-11-30,12.43,12.82,12.4,12.63,543989
2023-12-01,12.52,13.02,12.475,12.98,336943
2023-12-04,12.92,12.92,11.8874,11.92,254553
2023-12-05,11.67,12.19,11.67,12.18,210404
2023-12-06,12.14,12.6,12,12.02,175720
2023-12-07,11.89,11.92,11.62,11.68,202753
2023-12-08,11.73,11.9278,11.65,11.7,109653
2023-12-11,11.76,11.76,11.0419,11.2,286506
2023-12-12,11.17,11.17,10.6878,10.815,237759
2023-12-13,10.94,11.31,10.66,10.77,880923
2023-12-14,11,11.38,10.7338,10.77,446032
2023-12-15,10.85,10.925,9.97,10.05,542943
2023-12-18,10.1,10.225,9.31,9.35,1076900
2023-12-19,9.4,9.52,9.14,9.32,873472
2023-12-20,9.35,9.6499,9.03,9.065,578912
2023-12-21,9.07,9.355,9.07,9.22,534258
2023-12-22,9.15,9.2,8.78,9.1,827939
2023-12-26,9.15,9.2,8.9,8.99,280744
2023-12-27,8.97,9.13,8.96,9.005,339794
2023-12-28,8.99,9,8.81,8.95,387144
2023-12-29,8.93,8.96,8.73,8.84,1233650
2024-01-02,9,9.55,8.99,9.205,831373
2024-01-03,9.21,9.35,8.97,9.24,446829
2024-01-04,9.37,9.75,9.36,9.45,486138
2024-01-05,9.42,9.53,9.26,9.28,276972
2024-01-08,9.19,9.19,8.7,8.9,416914
2024-01-09,8.91,9.08,8.703,8.8,587355
2024-01-10,8.79,8.79,8.47,8.57,396660
2024-01-11,8.56,8.59,8.1745,8.39,419434
2024-01-12,8.49,8.68,8.24,8.41,259617
2024-01-16,8.27,8.34,8.1,8.18,347702
2024-01-17,8.08,8.44,7.95,8.42,339763
2024-01-18,8.42,8.79,8.34,8.73,276491
2024-01-19,8.75,9.0551,8.68,8.89,208574
2024-01-22,8.9,8.9728,8.74,8.76,203774
2024-01-23,8.77,8.8,8.69,8.71,180751
2024-01-24,8.85,9.18,8.8195,9.09,340287
2024-01-25,9.18,9.2,8.75,8.83,239599
2024-01-26,8.86,8.9796,8.57,8.73,275558
2024-01-29,8.87,9.1,8.61,8.63,259449
2024-01-30,8.62,8.96,8.505,8.92,244725
2024-01-31,8.96,9.03,8.51,8.53,222098
2024-02-01,8.63,8.79,8.48,8.72,233165
2024-02-02,8.85,8.85,8.26,8.26,152765
2024-02-05,8.22,8.22,7.64,7.67,392188
2024-02-06,7.65,7.6599,7.26,7.3,312141
2024-02-07,7.3,7.45,7.165,7.39,385920
2024-02-08,7.35,7.62,7.19,7.56,223772
2024-02-09,7.55,7.55,7.23,7.43,191041
2024-02-12,7.4,7.73,7.39,7.66,270080
2024-02-13,7.57,7.57,7.149,7.2,269706
2024-02-14,7.25,7.38,7.07,7.32,188087
2024-02-15,7.38,7.5231,7.32,7.47,238393
2024-02-16,7.58,7.58,7.31,7.47,220116
2024-02-20,7.48,7.5,7.26,7.34,225026
2024-02-21,7.3,7.525,7.3,7.47,198216
2024-02-22,7.47,7.65,7.33,7.4,273828
2024-02-23,7.31,7.435,7.2,7.21,209695
2024-02-26,7.12,7.12,6.85,7.04,289538
2024-02-27,7.09,7.46,7.09,7.35,249148
2024-02-28,7.31,7.35,7.15,7.28,219189
2024-02-29,7.38,7.63,7.325,7.6,620497
2024-03-01,7.64,7.88,7.61,7.82,317731
2024-03-04,7.82,8.229,7.78,7.95,330951
2024-03-05,7.94,8.32,7.94,8.23,386447
2024-03-06,8.36,8.63,8.19,8.44,454252
2024-03-07,8.49,9,8.44,8.81,238796
2024-03-08,8.85,8.9318,8.252,8.39,388610
2024-03-11,8.43,8.43,7.93,7.94,329777
2024-03-12,7.97,7.97,7.65,7.77,298277
2024-03-13,7.86,8.03,7.75,7.82,281049
2024-03-14,7.56,8,6.3,7.3,680879
2024-03-15,7.26,7.29,6.05,6.54,1051453
2024-03-18,6.5,6.5,5.78,5.86,701865
2024-03-19,5.79,5.8,5.42,5.49,667962
2024-03-20,5.4,5.42,5.08,5.33,603909
2024-03-21,5.34,5.6,5.24,5.41,508637
2024-03-22,5.41,5.41,5.05,5.05,419098
2024-03-25,5.05,5.06,4.5,4.91,778891
2024-03-26,5.11,5.5999,4.97,5.04,841582
2024-03-27,5.04,5.317,4.9496,5.21,538623
2024-03-28,5.22,5.5,5.22,5.33,342611
2024-04-01,5.34,5.37,4.78,4.8,450337
2024-04-02,4.76,4.8999,4.7264,4.775,339774
2024-04-03,4.83,5.185,4.765,5.1,417666
2024-04-04,5.13,5.2,4.87,4.9,409625
2024-04-05,4.91,5.125,4.7501,5.08,412193
2024-04-08,4.92,5.2,4.87,4.93,352439
2024-04-09,4.92,4.99,4.82,4.91,229790
2024-04-10,4.84,4.84,4.63,4.82,335449
2024-04-11,4.77,4.94,4.74,4.77,228254
2024-04-12,4.77,4.98,4.68,4.71,219172
2024-04-15,4.71,4.71,4.49,4.54,248187
2024-04-16,4.5,4.6,4.45,4.56,193698
2024-04-17,4.58,4.8715,4.48,4.51,240130
2024-04-18,4.51,4.6,4.332,4.6,238654
2024-04-19,4.6,4.86,4.5953,4.81,226374
2024-04-22,4.8,5.11,4.7,4.985,337542
2024-04-23,4.96,4.96,4.725,4.84,262693
2024-04-24,4.79,4.96,4.72,4.82,244285
2024-04-25,4.81,4.84,4.59,4.825,188021
2024-04-26,4.83,5.29,4.808,5.17,349804
2024-04-29,5.28,5.32,5.16,5.21,474062
2024-04-30,5.18,5.21,5,5.11,304416
2024-05-01,5.13,5.24,5.03,5.1,255488
2024-05-02,5.13,5.32,5.1,5.12,175919
2024-05-03,5.17,5.25,5.09,5.17,245982
2024-05-06,5.22,5.5399,5.07,5.1,356823
2024-05-07,5.1,5.9923,5.09,5.47,759987
2024-05-08,5.42,5.75,5.32,5.73,311790
2024-05-09,5.77,6.46,5.632,6.19,620859
2024-05-10,6.2,6.56,6.11,6.27,547455
2024-05-13,6.28,6.6,6.13,6.4,469310
2024-05-14,6.46,6.53,6.02,6.05,901560
2024-05-15,6.08,6.19,5.95,6.04,355556
2024-05-16,6.03,6.03,5.82,5.84,231288
2024-05-17,5.84,6.19,5.68,6.07,440764
2024-05-20,6.04,6.07,5.87,6.06,459269
2024-05-21,6.05,6.19,5.99,6.11,424210
2024-05-22,6.1,6.19,5.956,6.1,360222
2024-05-23,6.32,6.9,6.3,6.835,1282932
2024-05-24,6.85,7.25,6.66,7.135,1577509
2024-05-28,7.19,7.42,6.975,7.355,804310
2024-05-29,7.25,7.33,7.14,7.2,545144
2024-05-30,7.5,8.55,7.445,8.06,1852326
2024-05-31,8.08,9.13,8.06,8.97,1525201
2024-06-03,9.15,9.598,8.77,9.12,1503812
2024-06-04,8.58,8.9341,8.28,8.59,1039805
2024-06-05,8.6,8.88,8.45,8.74,353510
2024-06-06,8.67,9.18,8.6119,8.82,432965
2024-06-07,8.64,8.7331,8.194,8.24,430942
2024-06-10,8.2,8.53,8.04,8.26,266605
2024-06-11,8.18,8.25,7.91,7.93,279960
2024-06-12,8.12,8.2,7.71,7.83,313944
2024-06-13,7.83,7.99,7.682,7.78,208974
2024-06-14,7.65,8.02,7.61,7.64,334274
2024-06-17,7.61,7.7,7.32,7.36,439364
2024-06-18,7.23,7.55,7.15,7.545,604169
2024-06-20,7.54,8.23,7.46,7.7,366334
2024-06-21,7.75,7.88,7.482,7.61,643541
2024-06-24,7.62,7.7,7.3,7.32,411804
2024-06-25,7.27,7.38,7.13,7.22,564150
2024-06-26,7.2,7.21,6.92,6.99,528734
2024-06-27,7,7.15,6.89,7.13,416167
2024-06-28,7.21,7.83,7.12,7.77,940282
2024-07-01,7.87,8.35,7.775,8.25,878428
2024-07-02,8.39,8.4,7.78,7.98,391648
2024-07-03,7.99,8.1,7.74,7.82,196386
2024-07-05,7.78,7.78,7.3,7.39,390184
2024-07-08,7.34,7.42,7.08,7.39,437644
2024-07-09,7.4,7.575,7.13,7.18,375179
2024-07-10,7.21,7.64,7.045,7.63,637955
2024-07-11,7.75,8.16,7.66,8.12,539993
2024-07-12,8.19,8.26,7.8204,8.16,466541
2024-07-15,8.1,9.0486,8.01,8.73,857278
2024-07-16,8.73,9.03,8.49,9.01,756470
2024-07-17,9,9.18,8.691,8.71,678066
2024-07-18,8.66,8.76,8.4454,8.53,356639
2024-07-19,8.53,8.67,8.34,8.64,257529
2024-07-22,8.66,9.2,8.58,8.76,748398
2024-07-23,8.65,8.77,8.37,8.41,382286
2024-07-24,8.51,8.5449,7.86,7.96,499628
2024-07-25,8.02,8.02,7.73,7.97,356889
2024-07-26,8.11,8.19,7.9,8.105,184540
2024-07-29,8.11,8.1662,7.66,7.81,265733
2024-07-30,7.78,7.845,7.351,7.38,318954
2024-07-31,7.56,8.19,7.49,7.96,859614
2024-08-01,7.88,7.97,7.44,7.535,259057
2024-08-02,7.28,7.4199,6.88,7.05,522968
2024-08-05,6.55,6.89,6.35,6.66,437645
2024-08-06,6.67,7.06,6.6,6.84,377761
2024-08-07,5.85,5.89,4.8601,5.345,2905599
2024-08-08,5.31,6,5.31,5.63,895619
2024-08-09,5.64,5.74,5.45,5.73,464039
2024-08-12,5.75,5.81,5.21,5.57,1002426
2024-08-13,5.59,6.07,5.56,6.05,602461
2024-08-14,6.07,6.29,5.76,6.25,743927
2024-08-15,6.39,6.41,5.73,5.75,382497
2024-08-16,5.69,5.82,5.58,5.74,431940
2024-08-19,5.74,6.02,5.74,5.96,263303
2024-08-20,6.13,6.18,5.7501,5.98,400139
2024-08-21,6.02,6.16,5.9,5.9,332566
2024-08-22,5.84,6.19,5.69,6.1,381490
2024-08-23,6.22,6.34,5.84,6,444945
2024-08-26,6.09,6.46,6.04,6.25,301882
2024-08-27,6.33,6.6,6.27,6.51,254134
2024-08-28,6.41,6.54,6.212,6.54,397635
2024-08-29,6.59,7.11,6.49,7.05,366788
2024-08-30,6.99,7,6.63,6.71,451969
2024-09-03,6.61,6.64,6.29,6.47,388022
2024-09-04,6.46,6.66,6.26,6.33,170847
2024-09-05,6.41,6.41,6.245,6.27,272598
2024-09-06,6.26,6.3,5.81,5.85,430875
2024-09-09,5.88,6.085,5.76,5.93,283820
2024-09-10,5.92,6.3086,5.92,6.18,252264
2024-09-11,6.11,6.19,5.92,6.12,243469
2024-09-12,6.2,6.52,6.2,6.39,207789
2024-09-13,6.47,6.53,6.2,6.39,286050
2024-09-16,6.45,6.48,6.32,6.4,173672
2024-09-17,6.42,6.75,6.4,6.44,198996
2024-09-18,6.56,6.8,6.3375,6.51,267922
2024-09-19,6.72,6.8008,6.54,6.71,251494
2024-09-20,6.63,7.145,6.61,6.88,781706
2024-09-23,6.96,7.095,6.822,6.99,225082
2024-09-24,7.02,7.58,6.98,7.44,551304
2024-09-25,7.45,9.09,7.42,8.86,1419241
2024-09-26,8.92,9.2,8.43,8.8,824852
2024-09-27,8.88,9.955,8.61,9.7,1231972
2024-09-30,9.61,9.86,9.25,9.43,837036
2024-10-01,9.4,9.88,9.27,9.7,478047
2024-10-02,9.78,9.82,9.5,9.57,398733
2024-10-03,9.48,10.15,9.337,9.75,399596
2024-10-04,9.92,10.87,9.85,10.59,997744
2024-10-07,10.64,10.7178,9.81,9.99,641551
2024-10-08,9.8,10.23,9.61,9.93,437821
2024-10-09,9.82,9.94,9.635,9.88,220614
2024-10-10,9.83,10.0499,9.55,9.87,220498
2024-10-11,9.86,10.53,9.83,10.39,403818
2024-10-14,10.4,10.55,9.95,10.04,316101
2024-10-15,9.91,10.44,9.71,10.09,538587
2024-10-16,10.2,10.8,10.1,10.48,621766
2024-10-17,10.43,10.44,9.81,10.03,391791
2024-10-18,10.11,10.35,9.86,10.29,392885
2024-10-21,10.34,10.34,9.81,9.93,250178
2024-10-22,9.96,10.1785,9.68,9.71,285000
2024-10-23,9.6,9.84,9.33,9.48,308431
2024-10-24,9.58,9.67,8.82,9.58,664738
2024-10-25,9.72,10.45,9.72,10.29,557499
2024-10-28,10.3,10.58,10,10.43,417075
2024-10-29,10.38,10.72,10.12,10.43,338373
2024-10-30,10.46,10.69,10.11,10.15,327744
2024-10-31,10.06,10.31,9.851,9.93,631542
2024-11-01,9.98,10.1,9.46,9.7,478986
2024-11-04,9.23,9.45,8.13,8.895,637314
2024-11-05,8.92,9.22,8.915,9,499662
2024-11-06,9.66,10.35,9.574,10.28,960058
2024-11-07,10.35,10.86,10.01,10.62,777344
2024-11-08,10.53,10.84,10.04,10.44,618322
2024-11-11,10.5,11.26,10.305,11.01,844651
2024-11-12,10.95,11.01,9.886,10.45,854292
2024-11-13,12.68,13.18,10.92,13.13,2719681
2024-11-14,13.25,13.56,12.68,13.38,1364386
2024-11-15,13.5,13.5,12.52,12.85,1074593
2024-11-18,13.12,13.2,12.47,12.75,639447
2024-11-19,12.55,12.99,12.37,12.89,391736
2024-11-20,12.8,13.2,12.73,12.95,407309
2024-11-21,12.97,13.35,12.68,12.91,458489
2024-11-22,12.98,13.39,12.76,13.34,491292
2024-11-25,13.47,14,12.725,12.74,513645
2024-11-26,12.54,12.95,12.11,12.26,476702
2024-11-27,12.43,12.69,12.24,12.25,240179
2024-11-29,12.13,12.63,12.11,12.2,168958
2024-12-02,12.17,12.545,11.74,12.06,385673
2024-12-03,12.19,12.3,11.82,12.11,284506
2024-12-04,12.11,12.63,12.08,12.6,439992
2024-12-05,12.72,12.82,12.36,12.48,332171
2024-12-06,12.51,13.03,12.15,12.95,426404
2024-12-09,13,13.24,12.45,13.02,374317
2024-12-10,13.03,13.825,12.87,13.49,541725
2024-12-11,13.65,13.65,12.5301,12.63,581375
2024-12-12,12.5,12.7517,12.31,12.4,319687
2024-12-13,12.36,12.59,12.06,12.39,224820
2024-12-16,12.43,12.47,11.77,11.85,471500
2024-12-17,11.83,11.84,11.31,11.76,417529
2024-12-18,11.83,12.0954,10.955,11.12,339602
2024-12-19,11.36,11.4937,11.01,11.24,398940
2024-12-20,11.17,11.4778,10.87,10.93,374544
2024-12-23,11,11.19,10.8,10.97,291049
2024-12-24,11,11.17,10.81,11.16,112021
2024-12-26,11.09,11.27,10.955,11.17,152803
2024-12-27,11.14,11.255,10.8724,11.14,184282
2024-12-30,11.06,11.285,10.825,11.26,351638
2024-12-31,11.35,11.6,11.19,11.45,304504
2025-01-02,11.85,12.31,11.4315,11.69,298620
2025-01-03,11.83,12,11.57,11.74,299369
2025-01-06,11.78,11.89,11.24,11.45,414016
2025-01-07,11.97,12.64,11.85,12.28,1134407
2025-01-08,12.18,12.35,11.63,12.13,701939
2025-01-10,12.27,12.3,11.42,11.85,381363
2025-01-13,11.48,11.91,11.095,11.83,600602
2025-01-14,11.89,12.46,11.62,12.44,494323
2025-01-15,12.75,12.85,12.3445,12.535,311340
2025-01-16,12.5,12.838,12.26,12.705,259453
2025-01-17,12.83,12.96,12.51,12.68,239554
2025-01-21,12.76,13.13,12.555,12.79,383276
2025-01-22,12.92,13.31,12.835,12.98,399674
2025-01-23,12.92,13.68,12.91,13.39,489150
2025-01-24,13.34,13.52,13.11,13.18,413871
2025-01-27,12.53,12.61,9.3,9.49,2152180
2025-01-28,9.69,10.1199,9.34,9.95,944677
2025-01-29,9.91,10.63,9.6984,10.56,693955
2025-01-30,10.77,11.32,10.55,11.05,445457
2025-01-31,11.02,11.04,10.7,10.73,340656
2025-02-03,10.33,11.09,10.13,10.65,272198
2025-02-04,10.58,10.7899,10.49,10.68,218011
2025-02-05,10.76,11.04,10.575,10.96,202156
2025-02-06,11.02,11.1942,10.7,10.75,277866
2025-02-07,10.91,11.32,10.75,10.76,282458
2025-02-10,10.89,11.37,10.886,11.31,345025
2025-02-11,11.29,11.4615,11.115,11.23,316176
2025-02-12,11.07,11.44,11.06,11.16,206306
2025-02-13,11.22,11.45,11.22,11.4,240756
2025-02-14,11.5,11.5,10.9,10.91,207527
2025-02-18,10.94,11.2,10.82,11,245154
2025-02-19,11.01,11.36,10.8,11.31,231103
2025-02-20,11.32,12.31,11.175,12.26,531336
2025-02-21,12.36,12.36,10.87,10.99,739737
2025-02-24,10.94,11.07,10.29,10.7,490738
2025-02-25,10.65,10.71,9.625,9.67,716572
2025-02-26,9.73,10.3894,9.45,9.85,740783
2025-02-27,10.02,10.17,9.57,9.59,399068
2025-02-28,9.51,9.71,9.2901,9.66,368220
2025-03-03,9.77,9.86,9.14,9.2,314290
2025-03-04,9.05,9.56,8.7,9.42,602646
2025-03-05,9.43,9.54,8.79,9.03,616770
2025-03-06,8.82,9.125,8.52,8.95,395384
2025-03-07,8.96,9.13,8.51,8.78,368942
2025-03-10,8.52,8.78,8.37,8.6,442401
2025-03-11,8.66,9.6,8.66,9.58,629032
2025-03-12,9.77,9.93,9.41,9.84,744017
2025-03-13,9.94,11.04,9.735,10.04,1418510
2025-03-14,10.33,11.54,10.33,11.11,1426680
2025-03-17,10.99,11.78,10.93,11.48,851413
2025-03-18,11.46,12.73,11.01,11.95,1238036
2025-03-19,12,12.19,11.69,12.03,735778
2025-03-20,11.79,12.77,11.79,12.58,971586
2025-03-21,12.39,13.05,12.12,12.78,1026708
2025-03-24,12.9,13.415,12.71,13.17,717782
2025-03-25,13.25,13.3267,12.74,12.76,636350
2025-03-26,12.81,12.94,12.12,12.65,882828
2025-03-27,12.55,12.98,12.5,12.9,504849
2025-03-28,12.83,12.9399,12.39,12.51,344637
2025-03-31,12.38,12.515,11.9812,12.28,632271
2025-04-01,12.52,12.52,12.01,12.14,416131
2025-04-02,11.92,12.49,11.875,12.31,643177
2025-04-03,11.6,11.614,10.75,11.22,888400
2025-04-04,10.89,11.03,9.5,10.3,796265
2025-04-07,9.81,11.05,9.25,10.36,1120223
2025-04-08,11.505,12.13,10.845,11.11,1474687
2025-04-09,11.19,13.25,11.0866,13,2521105
2025-04-10,13.21,13.21,12.17,12.5,846975
2025-04-11,12.85,13.66,12.37,13.36,954748
2025-04-14,13.68,13.95,13.0975,13.79,756124
2025-04-15,13.76,13.87,13.08,13.19,705866
2025-04-16,13.1,14.22,13.1,13.98,1454705
2025-04-17,14.76,14.76,14.02,14.37,1253029
2025-04-21,14.19,14.2572,13.43,13.62,618021
2025-04-22,13.97,14.64,13.97,14.27,1043904
2025-04-23,14.53,14.79,14.39,14.47,798813
2025-04-24,14.55,15.22,14.46,14.925,717853
2025-04-25,14.63,14.91,14.43,14.69,400442
2025-04-28,14.69,14.82,14.41,14.78,398857
2025-04-29,14.61,14.81,14.3898,14.66,358989
2025-04-30,14.28,14.28,13.6,14.065,1188725
2025-05-01,14.17,14.81,14.13,14.62,532440
2025-05-02,14.84,15.2,14.64,14.66,584391
2025-05-05,14.51,15.08,14.11,14.71,677673
2025-05-06,14.56,15.18,14.4,14.97,426508
2025-05-07,14.97,15.34,14.575,15.14,408578
2025-05-08,15.39,15.65,14.9253,15.04,467218
2025-05-09,15.08,15.39,15.01,15.31,453964
2025-05-12,15.72,15.7409,14.77,15.19,723282
2025-05-13,16.225,18.68,16.0631,18.44,2790662
2025-05-14,18.35,18.5916,17.48,18.47,1229127
2025-05-15,18.54,19.53,18.355,18.89,1320120
2025-05-16,18.85,19.28,18.56,19.23,728916
2025-05-19,19.3,19.415,18.74,18.98,837653
2025-05-20,19.07,19.63,18.7,18.8,1237838
2025-05-21,18.74,19.71,18.53,19.4,772235
2025-05-22,19.37,19.37,18.45,18.83,823671
2025-05-23,15.04,17.87,15.0101,17.45,2099034
2025-05-27,17.78,18.325,17.63,18.1,972535
2025-05-28,18.01,18.19,17.57,17.94,738182
2025-05-29,17.99,17.99,17.18,17.55,550134
2025-05-30,17.5,17.55,17.15,17.25,799844
2025-06-02,17.63,18.03,17.42,17.54,567419
2025-06-03,17.66,17.98,16.9,17.11,687216
2025-06-04,16.6,16.982,15.295,16.88,1293381
2025-06-05,16.89,16.97,16.455,16.81,638887
2025-06-06,16.9,17.46,16.775,17.32,509219
2025-06-09,17.35,17.38,16.55,16.9,795682
2025-06-10,17.03,17.03,15.9801,16.08,857346
2025-06-11,16.08,16.59,16,16.19,512330
2025-06-12,16.25,16.45,15.88,16.16,590577
2025-06-13,16.17,16.455,15.98,16.18,485872
2025-06-16,16.18,16.4488,15.99,16.1,440670
2025-06-17,16.15,16.745,15.92,16.06,718362
2025-06-18,16.05,16.36,15.93,16.29,504909
2025-06-20,16.36,16.4001,15.295,15.32,772763
2025-06-23,15.35,15.63,14.64,15.03,628588
2025-06-24,15.18,15.18,14.7006,14.86,528086
2025-06-25,14.79,14.825,14.42,14.65,762393
2025-06-26,14.46,15.22,14.46,15.18,626442
2025-06-27,15.26,15.58,15,15.34,1972119
2025-06-30,15.36,16.1,15.01,15.83,752715
2025-07-01,15.83,15.855,15.24,15.34,591948
2025-07-02,15.41,15.905,15.11,15.85,556139
2025-07-03,15.92,16.225,15.585,16.2,429216
2025-07-07,16.08,16.7,15.81,16.4,659400
2025-07-08,16.4,16.79,15.81,16.32,907075
2025-07-09,16.42,16.43,15.85,15.89,514546
2025-07-10,15.8,16.12,15.58,15.84,537272
2025-07-11,15.81,16.035,15.595,16.02,318421
2025-07-14,16,16.21,15.45,15.46,399165
2025-07-15,15.56,15.64,15.0248,15.43,358356
2025-07-16,15.58,15.58,14.87,15.02,409707
2025-07-17,15,15.55,14.88,15.37,971308
2025-07-18,15.61,16.67,15.3,15.79,597380
2025-07-21,15.97,16.2,15.59,15.64,351561
2025-07-22,15.75,16.11,15.49,15.84,873438
2025-07-23,15.94,17.12,15.86,16.83,991174
2025-07-24,16.84,17,16.305,16.71,600163
2025-07-25,16.63,16.71,16.0768,16.19,384034
2025-07-28,16.23,16.93,15.7,16.82,526379
2025-07-29,17,17.03,16.56,16.67,456874
2025-07-30,16.62,17.03,16.465,16.71,467921
2025-07-31,16.65,17.8,16.59,17.64,702917
2025-08-01,17.37,17.37,16.32,16.93,1137872
2025-08-04,16.96,18.06,16.82,18.03,764757
2025-08-05,18.06,18.77,17.93,18.67,462043
2025-08-06,18.7,18.884,18.415,18.7,371956
2025-08-07,18.7,20.01,18.46,19.97,1088143
2025-08-08,20.69,21.38,20.04,21.22,1823311
2025-08-11,21.49,21.506,19.27,19.62,1680471
2025-08-12,22.01,22.01,17.425,18.26,2055459
2025-08-13,18.3,18.34,17.005,17.765,1086278
2025-08-14,17.7,17.765,16.665,17.16,924984
2025-08-15,17.25,17.5142,16.2,16.37,1164723
2025-08-18,16.32,16.525,15.84,16.18,736539
2025-08-19,16.1,16.2,14.88,15.03,1087606
2025-08-20,15.77,16.1811,15.0502,15.87,960450
2025-08-21,15.76,16.205,15.69,15.75,700109
2025-08-22,15.61,16.32,15.511,16.19,461915
2025-08-25,16.15,16.54,15.855,16.25,399158
2025-08-26,16.27,16.6191,16.195,16.43,356625
2025-08-27,16.38,16.515,16.14,16.31,384782
2025-08-28,16.34,16.72,16.21,16.38,397482
2025-08-29,16.49,16.74,16.25,16.31,489299
2025-09-02,16.19,16.681,16.1,16.65,646533
2025-09-03,16.61,16.61,16.25,16.34,604863
2025-09-04,16.31,16.6,16.08,16.45,463567
2025-09-05,16.52,17.17,16.34,17.04,450301
2025-09-08,17.04,17.85,16.93,17.41,650933
2025-09-09,17.44,17.79,17.2401,17.39,582586
2025-09-10,17.58,18.36,17.47,17.75,396186
2025-09-11,17.64,17.89,16.89,17.11,318018
2025-09-12,17.12,17.83,17.05,17.75,387215
2025-09-15,17.94,18.99,17.94,18.67,635553
2025-09-16,18.67,18.67,18.065,18.49,467933
2025-09-17,18.49,18.79,18.29,18.63,297154
2025-09-18,18.79,19.4,18.68,19.16,438290
2025-09-19,19.09,19.69,18.7001,19.49,840696
2025-09-22,19.36,19.44,19.05,19.2,478507
2025-09-23,19.2,19.375,18.45,18.68,518107
2025-09-24,18.99,19.18,18.42,18.91,408618
2025-09-25,18.88,20.05,18.63,19.12,864114
2025-09-26,19,19.5275,18.76,19.14,654440
2025-09-29,19.32,20,19,19.36,794852
2025-09-30,19.35,19.885,19.0601,19.57,882529
2025-10-01,19.59,20.09,19.39,19.95,937273
2025-10-02,19.9,20.0499,18.56,18.71,441462
2025-10-03,18.82,19.96,18.71,19.28,527146
2025-10-06,19.7,20.03,19.411,19.54,466686
2025-10-07,19.46,19.9,19.22,19.66,369323
2025-10-08,19.81,20.25,19.4501,19.815,400731
2025-10-09,19.82,20.2168,19.51,19.93,263638
2025-10-10,20,21.5,20,20.26,967525
2025-10-13,20.68,21.35,20.55,21.02,541133
2025-10-14,20.64,22.02,20,21.41,528657
2025-10-15,21.72,22.44,21.1407,21.93,787032
2025-10-16,22,22.14,20.8009,20.92,379858
2025-10-17,20.38,20.89,19.62,19.75,512510
2025-10-20,19.98,20.15,19.233,19.91,618489
2025-10-21,19.58,19.72,18.77,19.15,876895
2025-10-22,18.99,19.5625,18.7356,19.25,460782
2025-10-23,19.45,20.235,19.26,19.84,259633
2025-10-24,19.86,20.68,19.77,20.63,280753
2025-10-27,21.05,21.1,20.078,20.67,294305
2025-10-28,20.48,21.13,20.37,21.05,201540
2025-10-29,21.05,21.24,20.26,20.54,539452
2025-10-30,20.21,20.48,19.92,20.22,197224
2025-10-31,20.36,22.06,20.31,21.63,578943
2025-11-03,21.07,22.06,20.6501,21.96,321945
2025-11-04,21.36,21.56,20.21,20.35,385263
2025-11-05,20.44,21.05,20.05,20.71,310555
2025-11-06,20.91,21.29,20.31,20.44,261170
2025-11-07,20.15,20.2415,19.334,19.67,387845
2025-11-10,20.17,20.28,19.435,20.01,483809
2025-11-11,23.5,24.7,21.551,23.81,2069675
2025-11-12,23.78,24,21.9,22.72,1069634
2025-11-13,22.38,23.27,20.53,20.95,672571
2025-11-14,20.44,20.8895,19.9,20.34,631286
2025-11-17,20.3,21,19.92,20.25,813966
2025-11-18,20.01,20.66,19.63,20.43,448687
2025-11-19,20.45,21.32,20.23,20.81,416234
2025-11-20,21.27,21.8,19.72,20.03,459443
2025-11-21,19.92,20.14,18.88,19.21,733792
2025-11-24,19.97,20.2,19.42,19.76,1075004
2025-11-25,19.76,19.94,19.195,19.65,435756
2025-11-26,19.65,19.93,19.27,19.89,431661
2025-11-28,20.03,20.4,19.89,20.39,176503
2025-12-01,20.16,20.16,19.55,19.85,446027
2025-12-02,19.85,20.015,18.93,19.18,333940
2025-12-03,19.24,19.45,19.099,19.25,495104
2025-12-04,19.02,19.82,19.02,19.62,701980
2025-12-05,19.52,20.2,19.52,19.95,401286
2025-12-08,20.46,21.32,20.05,21.16,994191
2025-12-09,21.12,22.63,21.06,22.34,505399
2025-12-10,22.32,22.4205,21.505,22.03,374070
2025-12-11,21.96,22.96,21.84,22.79,365359
2025-12-12,22.94,23.44,22.115,22.3,619394
2025-12-15,22.45,22.58,21.044,21.21,432467
2025-12-16,21.2,21.4,20.3,20.42,501523
2025-12-17,20.16,20.31,17.23,17.31,1401055
2025-12-18,17.31,18.86,17.2886,18.38,948960
2025-12-19,18.465,19.65,18.28,19.28,1126202
2025-12-22,20,21.2,19.49,19.75,1096856
2025-12-23,19.74,20.27,19.448,19.53,384827
2025-12-24,19.4,19.6,19.11,19.49,322325
2025-12-26,19.49,19.796,18.79,19.32,311910
2025-12-29,19.11,19.5399,19,19.29,243159
2025-12-30,19.35,19.35,18.85,19.02,250201
2025-12-31,19.12,19.17,18.85,19.04,262785
2026-01-02,19.08,19.51,19.04,19.36,221985
2026-01-05,19.53,19.8,18.68,19.38,518921
2026-01-06,19.38,19.54,18.96,19.09,464676
2026-01-07,18.99,19.0706,17.65,18.12,748830
2026-01-08,18.01,18.82,17.82,18.63,609247
2026-01-09,18.7,20.2,18.32,19.57,322430
2026-01-12,19.6,20.74,19.6,20.29,230952
2026-01-13,20.35,21.06,20.0809,20.62,294297
2026-01-14,19.1,20.14,18.39,18.79,1790515
2026-01-15,19.05,19.93,18.82,19.43,960699
2026-01-16,19.3,20.73,19.15,20.21,986677
2026-01-20,19.76,20.41,19.58,19.95,422257
2026-01-21,20.37,20.37,19.51,20.1,481168
2026-01-22,20.11,21.005,19.97,20.5,543499
2026-01-23,20.63,20.8,19.85,20,344225
2026-01-26,19.94,19.95,18.68,18.7,350317
2026-01-27,18.75,19.13,18.04,18.67,554688
2026-01-28,18.8,18.8,17.77,18.21,343651
2026-01-29,18.36,18.635,17.87,18.19,634581
2026-01-30,17.98,18.8,17.94,18.49,596917
2026-02-02,18.48,18.74,17.86,17.94,397893
2026-02-03,18.355,18.62,17.73,18.56,346769
2026-02-04,18.59,18.59,16.71,17.78,780636
2026-02-05,17.33,18.81,17.05,18.78,936388
2026-02-06,19.25,20.73,19.25,20.06,884888
2026-02-09,20.55,21.36,20.2601,20.86,668396
2026-02-10,21.12,21.3339,19.715,20.49,767240
2026-02-11,21.02,21.55,20.04,20.33,404703
2026-02-12,20.9,21.125,19.29,19.36,471711
2026-02-13,19.36,20.29,19.25,20.09,496095
2026-02-17,20,20.06,18.705,18.96,367137
2026-02-18,19.04,19.4699,18.5101,18.66,315231
2026-02-19,18.48,19.12,18.1217,18.84,321633
2026-02-20,18.76,19.12,18.19,18.4,482540
2026-02-23,18.19,18.4,17.8,17.92,473248
2026-02-24,17.89,18.33,17.57,18.25,280412
2026-02-25,18.47,18.86,18.305,18.57,269639
2026-02-26,18.68,18.68,17.91,18.55,244692
2026-02-27,18.24,18.4,17.94,18.18,14546
2026-03-02,18.22,19.25,18.19,18.97,349141
2026-03-03,18.14,18.8,17.88,18.76,612824
2026-03-04,18.88,19.335,18.54,18.945,333374
2026-03-05,18.74,19.87,18.35,19.71,688763
